<?xml version="1.0" encoding="utf-8"?>
<TextureAtlas imagePath="menu_torajo.png">
	<!-- Created using the Spritesheet and XML generator -->
	<!-- https://uncertainprod.github.io/FNF-Spritesheet-XML-generator-Web -->
	<SubTexture name="M torajo Idle0000" x="0" y="0" width="460" height="459" frameX="-96" frameY="-88" frameWidth="640" frameHeight="640"/>
	<SubTexture name="M torajo Idle0001" x="0" y="459" width="460" height="377" frameX="-96" frameY="-170" frameWidth="640" frameHeight="640"/>
	<SubTexture name="M torajo Idle0002" x="899" y="254" width="460" height="255" frameX="-96" frameY="-292" frameWidth="640" frameHeight="640"/>
	<SubTexture name="M torajo Idle0003" x="899" y="509" width="460" height="94" frameX="-96" frameY="-453" frameWidth="640" frameHeight="640"/>
	<SubTexture name="M torajo Idle0004" x="899" y="603" width="460" height="22" frameX="-96" frameY="-525" frameWidth="640" frameHeight="640"/>
	<SubTexture name="M torajo Idle0005" x="899" y="603" width="460" height="22" frameX="-96" frameY="-525" frameWidth="640" frameHeight="640"/>
	<SubTexture name="M torajo Idle0006" x="899" y="603" width="460" height="22" frameX="-96" frameY="-525" frameWidth="640" frameHeight="640"/>
	<SubTexture name="M torajo Idle0007" x="469" y="836" width="471" height="56" frameX="-91" frameY="-499" frameWidth="640" frameHeight="640"/>
	<SubTexture name="M torajo Idle0008" x="0" y="836" width="469" height="157" frameX="-98" frameY="-393" frameWidth="640" frameHeight="640"/>
	<SubTexture name="M torajo Idle0009" x="899" y="0" width="464" height="254" frameX="-99" frameY="-292" frameWidth="640" frameHeight="640"/>
	<SubTexture name="M torajo Idle0010" x="460" y="0" width="439" height="438" frameX="-106" frameY="-107" frameWidth="640" frameHeight="640"/>
	<SubTexture name="M torajo Idle0011" x="460" y="0" width="439" height="438" frameX="-106" frameY="-107" frameWidth="640" frameHeight="640"/>
</TextureAtlas>