{
	"animations": [
		{
			"offsets": [
				0,
				20
			],
			"indices": [],
			"fps": 24,
			"anim": "idle",
			"loop": false,
			"name": "idle"
		},
		{
			"offsets": [
				-104,
				220
			],
			"indices": [],
			"fps": 24,
			"anim": "singUPmiss",
			"loop": false,
			"name": "singUPmiss"
		},
		{
			"offsets": [
				-104,
				220
			],
			"indices": [
				1,
				2,
				3,
				4,
				5,
				6,
				7,
				8,
				9,
				10,
				11,
				12,
				13
			],
			"fps": 24,
			"anim": "singUP",
			"loop": false,
			"name": "singUP"
		},
		{
			"offsets": [
				-30,
				40
			],
			"indices": [
				1,
				2,
				3,
				4,
				5,
				6,
				7,
				8,
				9,
				10,
				11,
				12,
				13
			],
			"fps": 24,
			"anim": "singRIGHT",
			"loop": false,
			"name": "singRIGHT"
		},
		{
			"offsets": [
				-30,
				40
			],
			"indices": [],
			"fps": 24,
			"anim": "singRIGHTmiss",
			"loop": false,
			"name": "singRIGHTmiss"
		},
		{
			"offsets": [
				0,
				-180
			],
			"indices": [
				1,
				2,
				3,
				4,
				5,
				6,
				7,
				8,
				9,
				10,
				11,
				12,
				13
			],
			"fps": 24,
			"anim": "singDOWN",
			"loop": false,
			"name": "singDOWN"
		},
		{
			"offsets": [
				0,
				-180
			],
			"indices": [],
			"fps": 24,
			"anim": "singDOWNmiss",
			"loop": false,
			"name": "singDOWNmiss"
		},
		{
			"offsets": [
				-30,
				10
			],
			"indices": [
				1,
				2,
				3,
				4,
				5,
				6,
				7,
				8,
				9,
				10,
				11,
				12
			],
			"fps": 24,
			"anim": "singLEFT",
			"loop": false,
			"name": "singLEFT"
		},
		{
			"offsets": [
				0,
				0
			],
			"indices": [],
			"fps": 24,
			"anim": "singLEFTmiss",
			"loop": false,
			"name": "singLEFTmiss"
		}
	],
	"no_antialiasing": false,
	"image": "characters/spritesheet",
	"position": [
		0,
		350
	],
	"healthicon": "bf",
	"flip_x": true,
	"healthbar_colors": [
		49,
		176,
		209
	],
	"camera_position": [
		0,
		0
	],
	"sing_duration": 4,
	"scale": 1
}