{
	"animations": [
		{
			"loop": false,
			"offsets": [
				0,
				-1
			],
			"anim": "singLEFT",
			"fps": 60,
			"name": "Left",
			"indices": []
		},
		{
			"loop": false,
			"offsets": [
				0,
				0
			],
			"anim": "singDOWN",
			"fps": 60,
			"name": "Down",
			"indices": []
		},
		{
			"loop": false,
			"offsets": [
				0,
				0
			],
			"anim": "singUP",
			"fps": 60,
			"name": "Up",
			"indices": []
		},
		{
			"loop": false,
			"offsets": [
				-1,
				0
			],
			"anim": "singRIGHT",
			"fps": 60,
			"name": "Right",
			"indices": []
		},
		{
			"loop": true,
			"offsets": [
				0,
				0
			],
			"anim": "idle",
			"fps": 27,
			"name": "Idle",
			"indices": []
		}
	],
	"vocals_file": "",
	"no_antialiasing": false,
	"image": "characters/Torajo",
	"position": [
		30,
		50
	],
	"healthicon": "torajo",
	"flip_x": true,
	"healthbar_colors": [
		180,
		255,
		0
	],
	"camera_position": [
		-349,
		60
	],
	"sing_duration": 6.1,
	"scale": 1.33,
	"_editor_isPlayer": false
}