{
	"animations": [
		{
			"offsets": [
				0,
				0
			],
			"indices": [],
			"fps": 24,
			"anim": "idle",
			"loop": false,
			"name": "Idle"
		},
		{
			"offsets": [
				5,
				-6
			],
			"indices": [],
			"fps": 24,
			"anim": "singLEFT",
			"loop": false,
			"name": "Left"
		},
		{
			"offsets": [
				-20,
				-51
			],
			"indices": [],
			"fps": 24,
			"anim": "singDOWN",
			"loop": false,
			"name": "Down"
		},
		{
			"offsets": [
				-46,
				27
			],
			"indices": [],
			"fps": 24,
			"anim": "singUP",
			"loop": false,
			"name": "Up"
		},
		{
			"offsets": [
				-48,
				-7
			],
			"indices": [],
			"fps": 30,
			"anim": "singRIGHT",
			"loop": false,
			"name": "Right"
		}
	],
	"vocals_file": "",
	"no_antialiasing": false,
	"image": "characters/Zulmira",
	"position": [
		-115,
		175
	],
	"healthicon": "bf",
	"flip_x": true,
	"healthbar_colors": [
		29,
		96,
		249
	],
	"camera_position": [
		150,
		-100
	],
	"sing_duration": 4.3,
	"scale": 2.1,
	"_editor_isPlayer": false
}