{
	"animations": [
		{
			"loop": false,
			"offsets": [
				-1,
				0
			],
			"anim": "idle",
			"fps": 24,
			"name": "Idle",
			"indices": []
		},
		{
			"loop": false,
			"offsets": [
				5,
				-6
			],
			"anim": "singLEFT",
			"fps": 24,
			"name": "Left",
			"indices": []
		},
		{
			"loop": false,
			"offsets": [
				-20,
				-51
			],
			"anim": "singDOWN",
			"fps": 24,
			"name": "Down",
			"indices": []
		},
		{
			"loop": false,
			"offsets": [
				-46,
				27
			],
			"anim": "singUP",
			"fps": 24,
			"name": "Up",
			"indices": []
		},
		{
			"loop": false,
			"offsets": [
				-48,
				-7
			],
			"anim": "singRIGHT",
			"fps": 30,
			"name": "Right",
			"indices": []
		}
	],
	"vocals_file": "",
	"no_antialiasing": false,
	"image": "characters/Zulmira",
	"position": [
		125,
		208
	],
	"healthicon": "zulmira",
	"flip_x": true,
	"healthbar_colors": [
		0,
		0,
		255
	],
	"camera_position": [
		170,
		-130
	],
	"sing_duration": 4.3,
	"scale": 1.8,
	"_editor_isPlayer": true
}