﻿<?xml version="1.0" encoding="utf-8"?>
<TextureAtlas imagePath="greenhill-lol.png">
	<!-- Created with Adobe Animate version 21.0.6.41649 -->
	<!-- http://www.adobe.com/products/animate.html -->
	<SubTexture name="GF Dancing Beat0000" x="0" y="0" width="292" height="409" frameX="-16" frameY="-15" frameWidth="327" frameHeight="424"/>
	<SubTexture name="GF Dancing Beat0001" x="0" y="0" width="292" height="409" frameX="-16" frameY="-15" frameWidth="327" frameHeight="424"/>
	<SubTexture name="GF Dancing Beat0002" x="293" y="0" width="292" height="407" frameX="-15" frameY="-17" frameWidth="327" frameHeight="424"/>
	<SubTexture name="GF Dancing Beat0003" x="586" y="0" width="292" height="406" frameX="-15" frameY="-17" frameWidth="327" frameHeight="424"/>
	<SubTexture name="GF Dancing Beat0004" x="879" y="0" width="291" height="409" frameX="-16" frameY="-14" frameWidth="327" frameHeight="424"/>
	<SubTexture name="GF Dancing Beat0005" x="1171" y="0" width="291" height="408" frameX="-16" frameY="-14" frameWidth="327" frameHeight="424"/>
	<SubTexture name="GF Dancing Beat0006" x="1463" y="0" width="290" height="410" frameX="-18" frameY="-12" frameWidth="327" frameHeight="424"/>
	<SubTexture name="GF Dancing Beat0007" x="0" y="411" width="311" height="421" frameX="-11" frameY="-1" frameWidth="327" frameHeight="424"/>
	<SubTexture name="GF Dancing Beat0008" x="0" y="411" width="311" height="421" frameX="-11" frameY="-1" frameWidth="327" frameHeight="424"/>
	<SubTexture name="GF Dancing Beat0009" x="0" y="411" width="311" height="421" frameX="-11" frameY="-1" frameWidth="327" frameHeight="424"/>
	<SubTexture name="GF Dancing Beat0010" x="312" y="411" width="322" height="422" frameX="-2" frameY="0" frameWidth="327" frameHeight="424"/>
	<SubTexture name="GF Dancing Beat0011" x="312" y="411" width="322" height="422" frameX="-2" frameY="0" frameWidth="327" frameHeight="424"/>
	<SubTexture name="GF Dancing Beat0012" x="312" y="411" width="322" height="422" frameX="-2" frameY="0" frameWidth="327" frameHeight="424"/>
	<SubTexture name="GF Dancing Beat0013" x="635" y="411" width="324" height="421" frameX="0" frameY="-1" frameWidth="327" frameHeight="424"/>
	<SubTexture name="GF Dancing Beat0014" x="635" y="411" width="324" height="421" frameX="0" frameY="-1" frameWidth="327" frameHeight="424"/>
	<SubTexture name="GF Dancing Beat0015" x="960" y="411" width="321" height="412" frameX="-3" frameY="-12" frameWidth="327" frameHeight="424"/>
	<SubTexture name="GF Dancing Beat0016" x="960" y="411" width="321" height="412" frameX="-3" frameY="-12" frameWidth="327" frameHeight="424"/>
	<SubTexture name="GF Dancing Beat0017" x="1282" y="411" width="320" height="412" frameX="-4" frameY="-12" frameWidth="327" frameHeight="424"/>
	<SubTexture name="GF Dancing Beat0018" x="1603" y="411" width="320" height="411" frameX="-4" frameY="-12" frameWidth="327" frameHeight="424"/>
	<SubTexture name="GF Dancing Beat0019" x="0" y="834" width="317" height="411" frameX="-7" frameY="-12" frameWidth="327" frameHeight="424"/>
	<SubTexture name="GF Dancing Beat0020" x="318" y="834" width="317" height="410" frameX="-7" frameY="-12" frameWidth="327" frameHeight="424"/>
	<SubTexture name="GF Dancing Beat0021" x="636" y="834" width="313" height="412" frameX="-10" frameY="-10" frameWidth="327" frameHeight="424"/>
	<SubTexture name="GF Dancing Beat0022" x="950" y="834" width="294" height="416" frameX="-33" frameY="-6" frameWidth="327" frameHeight="424"/>
	<SubTexture name="GF Dancing Beat0023" x="950" y="834" width="294" height="416" frameX="-33" frameY="-6" frameWidth="327" frameHeight="424"/>
	<SubTexture name="GF Dancing Beat0024" x="950" y="834" width="294" height="416" frameX="-33" frameY="-6" frameWidth="327" frameHeight="424"/>
	<SubTexture name="GF Dancing Beat0025" x="1245" y="834" width="293" height="416" frameX="-33" frameY="-6" frameWidth="327" frameHeight="424"/>
	<SubTexture name="GF Dancing Beat0026" x="1245" y="834" width="293" height="416" frameX="-33" frameY="-6" frameWidth="327" frameHeight="424"/>
	<SubTexture name="GF Dancing Beat0027" x="1245" y="834" width="293" height="416" frameX="-33" frameY="-6" frameWidth="327" frameHeight="424"/>
	<SubTexture name="GF Dancing Beat0028" x="1539" y="834" width="293" height="415" frameX="-33" frameY="-7" frameWidth="327" frameHeight="424"/>
	<SubTexture name="GF Dancing Beat0029" x="1539" y="834" width="293" height="415" frameX="-33" frameY="-7" frameWidth="327" frameHeight="424"/>
	<SubTexture name="GF Duck0000" x="0" y="1251" width="295" height="360" frameX="0" frameY="-10" frameWidth="295" frameHeight="370"/>
	<SubTexture name="GF Duck0001" x="0" y="1251" width="295" height="360" frameX="0" frameY="-10" frameWidth="295" frameHeight="370"/>
	<SubTexture name="GF Duck0002" x="296" y="1251" width="295" height="360" frameX="0" frameY="-3" frameWidth="295" frameHeight="370"/>
	<SubTexture name="GF Duck0003" x="296" y="1251" width="295" height="360" frameX="0" frameY="-3" frameWidth="295" frameHeight="370"/>
	<SubTexture name="GF Duck0004" x="592" y="1251" width="295" height="361" frameX="0" frameY="0" frameWidth="295" frameHeight="370"/>
	<SubTexture name="GF Duck0005" x="592" y="1251" width="295" height="361" frameX="0" frameY="0" frameWidth="295" frameHeight="370"/>
	<SubTexture name="GF Duck0006" x="592" y="1251" width="295" height="361" frameX="0" frameY="0" frameWidth="295" frameHeight="370"/>
	<SubTexture name="GF Duck0007" x="592" y="1251" width="295" height="361" frameX="0" frameY="0" frameWidth="295" frameHeight="370"/>
	<SubTexture name="GF Duck0008" x="592" y="1251" width="295" height="361" frameX="0" frameY="0" frameWidth="295" frameHeight="370"/>
	<SubTexture name="GF Duck0009" x="592" y="1251" width="295" height="361" frameX="0" frameY="0" frameWidth="295" frameHeight="370"/>
</TextureAtlas>
