<?xml version="1.0" encoding="utf-8"?>
<TextureAtlas imagePath="spritesheet.png">
	<!-- Created with Adobe Animate version 21.0.1.37179 -->
	<!-- http://www.adobe.com/products/animate.html -->
	<SubTexture name="idle0000" x="0" y="0" width="338" height="300" frameX="0" frameY="-54" frameWidth="360" frameHeight="377"/>
	<SubTexture name="idle0001" x="0" y="0" width="338" height="300" frameX="0" frameY="-54" frameWidth="360" frameHeight="377"/>
	<SubTexture name="idle0002" x="338" y="0" width="304" height="306" frameX="-34" frameY="-54" frameWidth="360" frameHeight="377"/>
	<SubTexture name="idle0003" x="338" y="0" width="304" height="306" frameX="-34" frameY="-54" frameWidth="360" frameHeight="377"/>
	<SubTexture name="idle0004" x="338" y="0" width="304" height="306" frameX="-34" frameY="-54" frameWidth="360" frameHeight="377"/>
	<SubTexture name="idle0005" x="642" y="0" width="325" height="377" frameX="-28" frameY="0" frameWidth="360" frameHeight="377"/>
	<SubTexture name="idle0006" x="967" y="0" width="339" height="339" frameX="-21" frameY="-38" frameWidth="360" frameHeight="377"/>
	<SubTexture name="idle0007" x="967" y="0" width="339" height="339" frameX="-21" frameY="-38" frameWidth="360" frameHeight="377"/>
	<SubTexture name="idle0008" x="967" y="0" width="339" height="339" frameX="-21" frameY="-38" frameWidth="360" frameHeight="377"/>
	<SubTexture name="idle0009" x="967" y="0" width="339" height="339" frameX="-21" frameY="-38" frameWidth="360" frameHeight="377"/>
	<SubTexture name="idle0010" x="967" y="0" width="339" height="339" frameX="-21" frameY="-38" frameWidth="360" frameHeight="377"/>
	<SubTexture name="idle0011" x="967" y="0" width="339" height="339" frameX="-21" frameY="-38" frameWidth="360" frameHeight="377"/>
	<SubTexture name="idle0012" x="967" y="0" width="339" height="339" frameX="-21" frameY="-38" frameWidth="360" frameHeight="377"/>
	<SubTexture name="idle0013" x="967" y="0" width="339" height="339" frameX="-21" frameY="-38" frameWidth="360" frameHeight="377"/>
	<SubTexture name="singDOWN0000" x="1306" y="0" width="398" height="157" frameX="0" frameY="0" frameWidth="398" frameHeight="162"/>
	<SubTexture name="singDOWN0001" x="0" y="377" width="371" height="138" frameX="-12" frameY="-24" frameWidth="398" frameHeight="162"/>
	<SubTexture name="singDOWN0002" x="0" y="377" width="371" height="138" frameX="-12" frameY="-24" frameWidth="398" frameHeight="162"/>
	<SubTexture name="singDOWN0003" x="0" y="377" width="371" height="138" frameX="-12" frameY="-24" frameWidth="398" frameHeight="162"/>
	<SubTexture name="singDOWN0004" x="0" y="377" width="371" height="138" frameX="-12" frameY="-24" frameWidth="398" frameHeight="162"/>
	<SubTexture name="singDOWN0005" x="0" y="377" width="371" height="138" frameX="-12" frameY="-24" frameWidth="398" frameHeight="162"/>
	<SubTexture name="singDOWN0006" x="0" y="377" width="371" height="138" frameX="-12" frameY="-24" frameWidth="398" frameHeight="162"/>
	<SubTexture name="singDOWN0007" x="0" y="377" width="371" height="138" frameX="-12" frameY="-24" frameWidth="398" frameHeight="162"/>
	<SubTexture name="singDOWN0008" x="0" y="377" width="371" height="138" frameX="-12" frameY="-24" frameWidth="398" frameHeight="162"/>
	<SubTexture name="singDOWN0009" x="0" y="377" width="371" height="138" frameX="-12" frameY="-24" frameWidth="398" frameHeight="162"/>
	<SubTexture name="singDOWN0010" x="0" y="377" width="371" height="138" frameX="-12" frameY="-24" frameWidth="398" frameHeight="162"/>
	<SubTexture name="singDOWN0011" x="0" y="377" width="371" height="138" frameX="-12" frameY="-24" frameWidth="398" frameHeight="162"/>
	<SubTexture name="singDOWN0012" x="0" y="377" width="371" height="138" frameX="-12" frameY="-24" frameWidth="398" frameHeight="162"/>
	<SubTexture name="singDOWNmiss0000" x="1306" y="0" width="398" height="157" frameX="0" frameY="0" frameWidth="398" frameHeight="162"/>
	<SubTexture name="singDOWNmiss0001" x="371" y="377" width="371" height="138" frameX="-12" frameY="-24" frameWidth="398" frameHeight="162"/>
	<SubTexture name="singDOWNmiss0002" x="371" y="377" width="371" height="138" frameX="-12" frameY="-24" frameWidth="398" frameHeight="162"/>
	<SubTexture name="singDOWNmiss0003" x="371" y="377" width="371" height="138" frameX="-12" frameY="-24" frameWidth="398" frameHeight="162"/>
	<SubTexture name="singDOWNmiss0004" x="371" y="377" width="371" height="138" frameX="-12" frameY="-24" frameWidth="398" frameHeight="162"/>
	<SubTexture name="singDOWNmiss0005" x="371" y="377" width="371" height="138" frameX="-12" frameY="-24" frameWidth="398" frameHeight="162"/>
	<SubTexture name="singDOWNmiss0006" x="371" y="377" width="371" height="138" frameX="-12" frameY="-24" frameWidth="398" frameHeight="162"/>
	<SubTexture name="singDOWNmiss0007" x="371" y="377" width="371" height="138" frameX="-12" frameY="-24" frameWidth="398" frameHeight="162"/>
	<SubTexture name="singDOWNmiss0008" x="371" y="377" width="371" height="138" frameX="-12" frameY="-24" frameWidth="398" frameHeight="162"/>
	<SubTexture name="singDOWNmiss0009" x="371" y="377" width="371" height="138" frameX="-12" frameY="-24" frameWidth="398" frameHeight="162"/>
	<SubTexture name="singDOWNmiss0010" x="371" y="377" width="371" height="138" frameX="-12" frameY="-24" frameWidth="398" frameHeight="162"/>
	<SubTexture name="singDOWNmiss0011" x="371" y="377" width="371" height="138" frameX="-12" frameY="-24" frameWidth="398" frameHeight="162"/>
	<SubTexture name="singDOWNmiss0012" x="371" y="377" width="371" height="138" frameX="-12" frameY="-24" frameWidth="398" frameHeight="162"/>
	<SubTexture name="singLEFT0000" x="742" y="377" width="293" height="358"/>
	<SubTexture name="singLEFT0001" x="742" y="377" width="293" height="358"/>
	<SubTexture name="singLEFT0002" x="1035" y="377" width="269" height="349" frameX="-24" frameY="0" frameWidth="293" frameHeight="358"/>
	<SubTexture name="singLEFT0003" x="1035" y="377" width="269" height="349" frameX="-24" frameY="0" frameWidth="293" frameHeight="358"/>
	<SubTexture name="singLEFT0004" x="1035" y="377" width="269" height="349" frameX="-24" frameY="0" frameWidth="293" frameHeight="358"/>
	<SubTexture name="singLEFT0005" x="1035" y="377" width="269" height="349" frameX="-24" frameY="0" frameWidth="293" frameHeight="358"/>
	<SubTexture name="singLEFT0006" x="1035" y="377" width="269" height="349" frameX="-24" frameY="0" frameWidth="293" frameHeight="358"/>
	<SubTexture name="singLEFT0007" x="1035" y="377" width="269" height="349" frameX="-24" frameY="0" frameWidth="293" frameHeight="358"/>
	<SubTexture name="singLEFT0008" x="1035" y="377" width="269" height="349" frameX="-24" frameY="0" frameWidth="293" frameHeight="358"/>
	<SubTexture name="singLEFT0009" x="742" y="377" width="293" height="358"/>
	<SubTexture name="singLEFT0010" x="742" y="377" width="293" height="358"/>
	<SubTexture name="singLEFT0011" x="1035" y="377" width="269" height="349" frameX="-24" frameY="0" frameWidth="293" frameHeight="358"/>
	<SubTexture name="singLEFT0012" x="1035" y="377" width="269" height="349" frameX="-24" frameY="0" frameWidth="293" frameHeight="358"/>
	<SubTexture name="singLEFT0013" x="1035" y="377" width="269" height="349" frameX="-24" frameY="0" frameWidth="293" frameHeight="358"/>
	<SubTexture name="singLEFTmiss0000" x="1304" y="377" width="0" height="0" frameX="-107374182" frameY="-107374182" frameWidth="0" frameHeight="0"/>
	<SubTexture name="singLEFTmiss0001" x="1304" y="377" width="0" height="0" frameX="-107374182" frameY="-107374182" frameWidth="0" frameHeight="0"/>
	<SubTexture name="singLEFTmiss0002" x="1304" y="377" width="0" height="0" frameX="-107374182" frameY="-107374182" frameWidth="0" frameHeight="0"/>
	<SubTexture name="singLEFTmiss0003" x="1304" y="377" width="0" height="0" frameX="-107374182" frameY="-107374182" frameWidth="0" frameHeight="0"/>
	<SubTexture name="singLEFTmiss0004" x="1304" y="377" width="0" height="0" frameX="-107374182" frameY="-107374182" frameWidth="0" frameHeight="0"/>
	<SubTexture name="singLEFTmiss0005" x="1304" y="377" width="0" height="0" frameX="-107374182" frameY="-107374182" frameWidth="0" frameHeight="0"/>
	<SubTexture name="singLEFTmiss0006" x="1304" y="377" width="0" height="0" frameX="-107374182" frameY="-107374182" frameWidth="0" frameHeight="0"/>
	<SubTexture name="singLEFTmiss0007" x="1304" y="377" width="0" height="0" frameX="-107374182" frameY="-107374182" frameWidth="0" frameHeight="0"/>
	<SubTexture name="singLEFTmiss0008" x="1304" y="377" width="0" height="0" frameX="-107374182" frameY="-107374182" frameWidth="0" frameHeight="0"/>
	<SubTexture name="singLEFTmiss0009" x="1304" y="377" width="0" height="0" frameX="-107374182" frameY="-107374182" frameWidth="0" frameHeight="0"/>
	<SubTexture name="singLEFTmiss0010" x="1304" y="377" width="0" height="0" frameX="-107374182" frameY="-107374182" frameWidth="0" frameHeight="0"/>
	<SubTexture name="singLEFTmiss0011" x="1304" y="377" width="0" height="0" frameX="-107374182" frameY="-107374182" frameWidth="0" frameHeight="0"/>
	<SubTexture name="singLEFTmiss0012" x="1304" y="377" width="0" height="0" frameX="-107374182" frameY="-107374182" frameWidth="0" frameHeight="0"/>
	<SubTexture name="singLEFTmiss0013" x="1304" y="377" width="0" height="0" frameX="-107374182" frameY="-107374182" frameWidth="0" frameHeight="0"/>
	<SubTexture name="singRIGHT0000" x="1304" y="377" width="307" height="375" frameX="0" frameY="0" frameWidth="349" frameHeight="383"/>
	<SubTexture name="singRIGHT0001" x="1304" y="377" width="307" height="375" frameX="0" frameY="0" frameWidth="349" frameHeight="383"/>
	<SubTexture name="singRIGHT0002" x="1611" y="377" width="332" height="361" frameX="-17" frameY="-22" frameWidth="349" frameHeight="383"/>
	<SubTexture name="singRIGHT0003" x="1611" y="377" width="332" height="361" frameX="-17" frameY="-22" frameWidth="349" frameHeight="383"/>
	<SubTexture name="singRIGHT0004" x="1611" y="377" width="332" height="361" frameX="-17" frameY="-22" frameWidth="349" frameHeight="383"/>
	<SubTexture name="singRIGHT0005" x="1611" y="377" width="332" height="361" frameX="-17" frameY="-22" frameWidth="349" frameHeight="383"/>
	<SubTexture name="singRIGHT0006" x="1611" y="377" width="332" height="361" frameX="-17" frameY="-22" frameWidth="349" frameHeight="383"/>
	<SubTexture name="singRIGHT0007" x="1611" y="377" width="332" height="361" frameX="-17" frameY="-22" frameWidth="349" frameHeight="383"/>
	<SubTexture name="singRIGHT0008" x="1611" y="377" width="332" height="361" frameX="-17" frameY="-22" frameWidth="349" frameHeight="383"/>
	<SubTexture name="singRIGHT0009" x="1611" y="377" width="332" height="361" frameX="-17" frameY="-22" frameWidth="349" frameHeight="383"/>
	<SubTexture name="singRIGHT0010" x="1611" y="377" width="332" height="361" frameX="-17" frameY="-22" frameWidth="349" frameHeight="383"/>
	<SubTexture name="singRIGHT0011" x="1611" y="377" width="332" height="361" frameX="-17" frameY="-22" frameWidth="349" frameHeight="383"/>
	<SubTexture name="singRIGHT0012" x="1611" y="377" width="332" height="361" frameX="-17" frameY="-22" frameWidth="349" frameHeight="383"/>
	<SubTexture name="singRIGHT0013" x="1611" y="377" width="332" height="361" frameX="-17" frameY="-22" frameWidth="349" frameHeight="383"/>
	<SubTexture name="singRIGHTmiss0000" x="0" y="752" width="307" height="375" frameX="0" frameY="0" frameWidth="349" frameHeight="383"/>
	<SubTexture name="singRIGHTmiss0001" x="0" y="752" width="307" height="375" frameX="0" frameY="0" frameWidth="349" frameHeight="383"/>
	<SubTexture name="singRIGHTmiss0002" x="307" y="752" width="332" height="361" frameX="-17" frameY="-22" frameWidth="349" frameHeight="383"/>
	<SubTexture name="singRIGHTmiss0003" x="307" y="752" width="332" height="361" frameX="-17" frameY="-22" frameWidth="349" frameHeight="383"/>
	<SubTexture name="singRIGHTmiss0004" x="307" y="752" width="332" height="361" frameX="-17" frameY="-22" frameWidth="349" frameHeight="383"/>
	<SubTexture name="singRIGHTmiss0005" x="307" y="752" width="332" height="361" frameX="-17" frameY="-22" frameWidth="349" frameHeight="383"/>
	<SubTexture name="singRIGHTmiss0006" x="307" y="752" width="332" height="361" frameX="-17" frameY="-22" frameWidth="349" frameHeight="383"/>
	<SubTexture name="singRIGHTmiss0007" x="307" y="752" width="332" height="361" frameX="-17" frameY="-22" frameWidth="349" frameHeight="383"/>
	<SubTexture name="singRIGHTmiss0008" x="307" y="752" width="332" height="361" frameX="-17" frameY="-22" frameWidth="349" frameHeight="383"/>
	<SubTexture name="singRIGHTmiss0009" x="307" y="752" width="332" height="361" frameX="-17" frameY="-22" frameWidth="349" frameHeight="383"/>
	<SubTexture name="singRIGHTmiss0010" x="307" y="752" width="332" height="361" frameX="-17" frameY="-22" frameWidth="349" frameHeight="383"/>
	<SubTexture name="singRIGHTmiss0011" x="307" y="752" width="332" height="361" frameX="-17" frameY="-22" frameWidth="349" frameHeight="383"/>
	<SubTexture name="singRIGHTmiss0012" x="307" y="752" width="332" height="361" frameX="-17" frameY="-22" frameWidth="349" frameHeight="383"/>
	<SubTexture name="singRIGHTmiss0013" x="307" y="752" width="332" height="361" frameX="-17" frameY="-22" frameWidth="349" frameHeight="383"/>
	<SubTexture name="singUP0000" x="639" y="752" width="147" height="558"/>
	<SubTexture name="singUP0001" x="639" y="752" width="147" height="558"/>
	<SubTexture name="singUP0002" x="786" y="752" width="135" height="511" frameX="-5" frameY="-39" frameWidth="147" frameHeight="558"/>
	<SubTexture name="singUP0003" x="786" y="752" width="135" height="511" frameX="-5" frameY="-39" frameWidth="147" frameHeight="558"/>
	<SubTexture name="singUP0004" x="786" y="752" width="135" height="511" frameX="-5" frameY="-39" frameWidth="147" frameHeight="558"/>
	<SubTexture name="singUP0005" x="786" y="752" width="135" height="511" frameX="-5" frameY="-39" frameWidth="147" frameHeight="558"/>
	<SubTexture name="singUP0006" x="786" y="752" width="135" height="511" frameX="-5" frameY="-39" frameWidth="147" frameHeight="558"/>
	<SubTexture name="singUP0007" x="786" y="752" width="135" height="511" frameX="-5" frameY="-39" frameWidth="147" frameHeight="558"/>
	<SubTexture name="singUP0008" x="786" y="752" width="135" height="511" frameX="-5" frameY="-39" frameWidth="147" frameHeight="558"/>
	<SubTexture name="singUP0009" x="786" y="752" width="135" height="511" frameX="-5" frameY="-39" frameWidth="147" frameHeight="558"/>
	<SubTexture name="singUP0010" x="786" y="752" width="135" height="511" frameX="-5" frameY="-39" frameWidth="147" frameHeight="558"/>
	<SubTexture name="singUP0011" x="786" y="752" width="135" height="511" frameX="-5" frameY="-39" frameWidth="147" frameHeight="558"/>
	<SubTexture name="singUP0012" x="786" y="752" width="135" height="511" frameX="-5" frameY="-39" frameWidth="147" frameHeight="558"/>
	<SubTexture name="singUP0013" x="786" y="752" width="135" height="511" frameX="-5" frameY="-39" frameWidth="147" frameHeight="558"/>
	<SubTexture name="singUPmiss0000" x="921" y="752" width="147" height="554"/>
	<SubTexture name="singUPmiss0001" x="921" y="752" width="147" height="554"/>
	<SubTexture name="singUPmiss0002" x="921" y="752" width="147" height="554"/>
	<SubTexture name="singUPmiss0003" x="921" y="752" width="147" height="554"/>
	<SubTexture name="singUPmiss0004" x="921" y="752" width="147" height="554"/>
	<SubTexture name="singUPmiss0005" x="921" y="752" width="147" height="554"/>
	<SubTexture name="singUPmiss0006" x="921" y="752" width="147" height="554"/>
	<SubTexture name="singUPmiss0007" x="921" y="752" width="147" height="554"/>
	<SubTexture name="singUPmiss0008" x="921" y="752" width="147" height="554"/>
	<SubTexture name="singUPmiss0009" x="921" y="752" width="147" height="554"/>
	<SubTexture name="singUPmiss0010" x="921" y="752" width="147" height="554"/>
	<SubTexture name="singUPmiss0011" x="921" y="752" width="147" height="554"/>
	<SubTexture name="singUPmiss0012" x="921" y="752" width="147" height="554"/>
	<SubTexture name="singUPmiss0013" x="921" y="752" width="147" height="554"/>
</TextureAtlas>