<?xml version="1.0" encoding="utf-8"?>
<TextureAtlas imagePath="Torajo .png">
	<!-- Created using the Spritesheet and XML generator -->
	<!-- https://uncertainprod.github.io/FNF-Spritesheet-XML-generator-Web -->
	<SubTexture name="Idle0000" x="1199" y="575" width="460" height="459" frameX="-96" frameY="-88" frameWidth="640" frameHeight="640"/>
	<SubTexture name="Idle0001" x="1110" y="1116" width="460" height="377" frameX="-96" frameY="-170" frameWidth="640" frameHeight="640"/>
	<SubTexture name="Idle0002" x="0" y="1748" width="460" height="255" frameX="-96" frameY="-292" frameWidth="640" frameHeight="640"/>
	<SubTexture name="Idle0003" x="644" y="1012" width="460" height="94" frameX="-96" frameY="-453" frameWidth="640" frameHeight="640"/>
	<SubTexture name="Idle0004" x="1744" y="1090" width="460" height="22" frameX="-96" frameY="-525" frameWidth="640" frameHeight="640"/>
	<SubTexture name="Idle0005" x="1744" y="1090" width="460" height="22" frameX="-96" frameY="-525" frameWidth="640" frameHeight="640"/>
	<SubTexture name="Idle0006" x="1744" y="1090" width="460" height="22" frameX="-96" frameY="-525" frameWidth="640" frameHeight="640"/>
	<SubTexture name="Idle0007" x="1570" y="1370" width="471" height="56" frameX="-91" frameY="-499" frameWidth="640" frameHeight="640"/>
	<SubTexture name="Idle0008" x="915" y="1748" width="469" height="157" frameX="-98" frameY="-393" frameWidth="640" frameHeight="640"/>
	<SubTexture name="Idle0009" x="1570" y="1116" width="464" height="254" frameX="-99" frameY="-292" frameWidth="640" frameHeight="640"/>
	<SubTexture name="Idle0010" x="644" y="574" width="439" height="438" frameX="-106" frameY="-107" frameWidth="640" frameHeight="640"/>
	<SubTexture name="Idle0011" x="644" y="574" width="439" height="438" frameX="-106" frameY="-107" frameWidth="640" frameHeight="640"/>
	<SubTexture name="Down0000" x="460" y="1748" width="455" height="207" frameX="-100" frameY="-342" frameWidth="640" frameHeight="640"/>
	<SubTexture name="Down0001" x="460" y="1748" width="455" height="207" frameX="-100" frameY="-342" frameWidth="640" frameHeight="640"/>
	<SubTexture name="Down0002" x="460" y="1748" width="455" height="207" frameX="-100" frameY="-342" frameWidth="640" frameHeight="640"/>
	<SubTexture name="Down0003" x="1754" y="1499" width="455" height="164" frameX="-100" frameY="-385" frameWidth="640" frameHeight="640"/>
	<SubTexture name="Down0004" x="1754" y="1499" width="455" height="164" frameX="-100" frameY="-385" frameWidth="640" frameHeight="640"/>
	<SubTexture name="Down0005" x="1754" y="1499" width="455" height="164" frameX="-100" frameY="-385" frameWidth="640" frameHeight="640"/>
	<SubTexture name="Down0006" x="1199" y="1034" width="455" height="73" frameX="-100" frameY="-476" frameWidth="640" frameHeight="640"/>
	<SubTexture name="Down0007" x="1199" y="1034" width="455" height="73" frameX="-100" frameY="-476" frameWidth="640" frameHeight="640"/>
	<SubTexture name="Down0008" x="1199" y="1034" width="455" height="73" frameX="-100" frameY="-476" frameWidth="640" frameHeight="640"/>
	<SubTexture name="Down0009" x="1570" y="1426" width="455" height="15" frameX="-100" frameY="-534" frameWidth="640" frameHeight="640"/>
	<SubTexture name="Left0000" x="644" y="0" width="555" height="574" frameX="-5" frameY="2" frameWidth="640" frameHeight="640"/>
	<SubTexture name="Left0001" x="644" y="0" width="555" height="574" frameX="-5" frameY="2" frameWidth="640" frameHeight="640"/>
	<SubTexture name="Left0002" x="644" y="0" width="555" height="574" frameX="-5" frameY="2" frameWidth="640" frameHeight="640"/>
	<SubTexture name="Left0003" x="1199" y="0" width="545" height="575" frameX="-16" frameY="2" frameWidth="640" frameHeight="640"/>
	<SubTexture name="Left0004" x="1199" y="0" width="545" height="575" frameX="-16" frameY="2" frameWidth="640" frameHeight="640"/>
	<SubTexture name="Left0005" x="1199" y="0" width="545" height="575" frameX="-16" frameY="2" frameWidth="640" frameHeight="640"/>
	<SubTexture name="Left0006" x="0" y="540" width="564" height="576" frameX="2" frameY="2" frameWidth="640" frameHeight="640"/>
	<SubTexture name="Left0007" x="0" y="540" width="564" height="576" frameX="2" frameY="2" frameWidth="640" frameHeight="640"/>
	<SubTexture name="Left0008" x="0" y="540" width="564" height="576" frameX="2" frameY="2" frameWidth="640" frameHeight="640"/>
	<SubTexture name="Left0009" x="0" y="540" width="564" height="576" frameX="2" frameY="2" frameWidth="640" frameHeight="640"/>
	<SubTexture name="Left0010" x="0" y="540" width="564" height="576" frameX="2" frameY="2" frameWidth="640" frameHeight="640"/>
	<SubTexture name="Right 0000" x="466" y="1116" width="644" height="383" frameX="2" frameY="-184" frameWidth="640" frameHeight="640"/>
	<SubTexture name="Right 0001" x="466" y="1116" width="644" height="383" frameX="2" frameY="-184" frameWidth="640" frameHeight="640"/>
	<SubTexture name="Right 0002" x="466" y="1116" width="644" height="383" frameX="2" frameY="-184" frameWidth="640" frameHeight="640"/>
	<SubTexture name="Right 0003" x="466" y="1499" width="644" height="242" frameX="2" frameY="-325" frameWidth="640" frameHeight="640"/>
	<SubTexture name="Right 0004" x="466" y="1499" width="644" height="242" frameX="2" frameY="-325" frameWidth="640" frameHeight="640"/>
	<SubTexture name="Right 0005" x="1110" y="1499" width="644" height="181" frameX="2" frameY="-386" frameWidth="640" frameHeight="640"/>
	<SubTexture name="Right 0006" x="1110" y="1499" width="644" height="181" frameX="2" frameY="-386" frameWidth="640" frameHeight="640"/>
	<SubTexture name="Right 0007" x="0" y="0" width="644" height="540" frameX="2" frameY="-29" frameWidth="640" frameHeight="640"/>
	<SubTexture name="Right 0008" x="0" y="0" width="644" height="540" frameX="2" frameY="-29" frameWidth="640" frameHeight="640"/>
	<SubTexture name="Right 0009" x="0" y="0" width="644" height="540" frameX="2" frameY="-29" frameWidth="640" frameHeight="640"/>
	<SubTexture name="Up0000" x="1744" y="632" width="464" height="458" frameX="-85" frameY="-171" frameWidth="640" frameHeight="640"/>
	<SubTexture name="Up0001" x="1744" y="632" width="464" height="458" frameX="-85" frameY="-171" frameWidth="640" frameHeight="640"/>
	<SubTexture name="Up0002" x="1744" y="632" width="464" height="458" frameX="-85" frameY="-171" frameWidth="640" frameHeight="640"/>
	<SubTexture name="Up0003" x="1744" y="0" width="466" height="632" frameX="-84" frameY="2" frameWidth="640" frameHeight="640"/>
	<SubTexture name="Up0004" x="1744" y="0" width="466" height="632" frameX="-84" frameY="2" frameWidth="640" frameHeight="640"/>
	<SubTexture name="Up0005" x="1744" y="0" width="466" height="632" frameX="-84" frameY="2" frameWidth="640" frameHeight="640"/>
	<SubTexture name="Up0006" x="1744" y="0" width="466" height="632" frameX="-84" frameY="2" frameWidth="640" frameHeight="640"/>
	<SubTexture name="Up0007" x="0" y="1116" width="466" height="632" frameX="-84" frameY="2" frameWidth="640" frameHeight="640"/>
	<SubTexture name="Up0008" x="0" y="1116" width="466" height="632" frameX="-84" frameY="2" frameWidth="640" frameHeight="640"/>
</TextureAtlas>