<?xml version="1.0" encoding="utf-8"?>
<TextureAtlas imagePath="Zulmira.png">
	<!-- Created using the Spritesheet and XML generator -->
	<!-- https://uncertainprod.github.io/FNF-Spritesheet-XML-generator-Web -->
	<SubTexture name="Idle0000" x="0" y="1816" width="424" height="256" frameX="-108" frameY="-192" frameWidth="640" frameHeight="640"/>
	<SubTexture name="Idle0001" x="0" y="1816" width="424" height="256" frameX="-108" frameY="-192" frameWidth="640" frameHeight="640"/>
	<SubTexture name="Idle0002" x="587" y="1607" width="424" height="199" frameX="-108" frameY="-249" frameWidth="640" frameHeight="640"/>
	<SubTexture name="Idle0003" x="587" y="1607" width="424" height="199" frameX="-108" frameY="-249" frameWidth="640" frameHeight="640"/>
	<SubTexture name="Idle0004" x="842" y="1816" width="424" height="124" frameX="-108" frameY="-324" frameWidth="640" frameHeight="640"/>
	<SubTexture name="Idle0005" x="842" y="1816" width="424" height="124" frameX="-108" frameY="-324" frameWidth="640" frameHeight="640"/>
	<SubTexture name="Idle0006" x="842" y="1940" width="424" height="74" frameX="-108" frameY="-374" frameWidth="640" frameHeight="640"/>
	<SubTexture name="Idle0007" x="842" y="1940" width="424" height="74" frameX="-108" frameY="-374" frameWidth="640" frameHeight="640"/>
	<SubTexture name="Idle0008" x="424" y="1816" width="418" height="250" frameX="-111" frameY="-195" frameWidth="640" frameHeight="640"/>
	<SubTexture name="Idle0009" x="424" y="1816" width="418" height="250" frameX="-111" frameY="-195" frameWidth="640" frameHeight="640"/>
	<SubTexture name="Down0000" x="0" y="1104" width="503" height="503" frameX="-68" frameY="-68" frameWidth="640" frameHeight="640"/>
	<SubTexture name="Down0001" x="0" y="1104" width="503" height="503" frameX="-68" frameY="-68" frameWidth="640" frameHeight="640"/>
	<SubTexture name="Down0002" x="1008" y="1104" width="503" height="367" frameX="-68" frameY="-204" frameWidth="640" frameHeight="640"/>
	<SubTexture name="Down0003" x="1008" y="1104" width="503" height="367" frameX="-68" frameY="-204" frameWidth="640" frameHeight="640"/>
	<SubTexture name="Down0004" x="1011" y="1607" width="503" height="139" frameX="-68" frameY="-432" frameWidth="640" frameHeight="640"/>
	<SubTexture name="Down0005" x="1011" y="1607" width="503" height="139" frameX="-68" frameY="-432" frameWidth="640" frameHeight="640"/>
	<SubTexture name="Down0006" x="1266" y="1816" width="503" height="64" frameX="-68" frameY="-507" frameWidth="640" frameHeight="640"/>
	<SubTexture name="Down0007" x="1266" y="1816" width="503" height="64" frameX="-68" frameY="-507" frameWidth="640" frameHeight="640"/>
	<SubTexture name="Down0008" x="1160" y="1053" width="503" height="22" frameX="-68" frameY="-549" frameWidth="640" frameHeight="640"/>
	<SubTexture name="Down0009" x="1160" y="1053" width="503" height="22" frameX="-68" frameY="-549" frameWidth="640" frameHeight="640"/>
	<SubTexture name="Left0000" x="1160" y="539" width="514" height="514" frameX="-63" frameY="-63" frameWidth="640" frameHeight="640"/>
	<SubTexture name="Left0001" x="1687" y="1032" width="287" height="514" frameX="-290" frameY="-63" frameWidth="640" frameHeight="640"/>
	<SubTexture name="Left0002" x="1687" y="1032" width="287" height="514" frameX="-290" frameY="-63" frameWidth="640" frameHeight="640"/>
	<SubTexture name="Left0003" x="1988" y="516" width="120" height="516" frameX="-458" frameY="-62" frameWidth="640" frameHeight="640"/>
	<SubTexture name="Left0004" x="1988" y="516" width="120" height="516" frameX="-458" frameY="-62" frameWidth="640" frameHeight="640"/>
	<SubTexture name="Left0005" x="1687" y="516" width="301" height="516" frameX="-279" frameY="-62" frameWidth="640" frameHeight="640"/>
	<SubTexture name="Left0006" x="1687" y="516" width="301" height="516" frameX="-279" frameY="-62" frameWidth="640" frameHeight="640"/>
	<SubTexture name="Left0007" x="1687" y="0" width="426" height="516" frameX="-154" frameY="-62" frameWidth="640" frameHeight="640"/>
	<SubTexture name="Left0008" x="1514" y="1607" width="558" height="96" frameX="2" frameY="-495" frameWidth="640" frameHeight="640"/>
	<SubTexture name="Right0000" x="1160" y="0" width="527" height="539" frameX="-56" frameY="-50" frameWidth="640" frameHeight="640"/>
	<SubTexture name="Right0001" x="1160" y="0" width="527" height="539" frameX="-56" frameY="-50" frameWidth="640" frameHeight="640"/>
	<SubTexture name="Right0002" x="587" y="0" width="573" height="541" frameX="-55" frameY="-49" frameWidth="640" frameHeight="640"/>
	<SubTexture name="Right0003" x="587" y="0" width="573" height="541" frameX="-55" frameY="-49" frameWidth="640" frameHeight="640"/>
	<SubTexture name="Right0004" x="0" y="0" width="587" height="541" frameX="-55" frameY="-49" frameWidth="640" frameHeight="640"/>
	<SubTexture name="Right0005" x="0" y="0" width="587" height="541" frameX="-55" frameY="-49" frameWidth="640" frameHeight="640"/>
	<SubTexture name="Right0006" x="0" y="1607" width="587" height="209" frameX="-55" frameY="-381" frameWidth="640" frameHeight="640"/>
	<SubTexture name="Right0007" x="0" y="1607" width="587" height="209" frameX="-55" frameY="-381" frameWidth="640" frameHeight="640"/>
	<SubTexture name="Up0000" x="503" y="1104" width="505" height="481" frameX="-67" frameY="-79" frameWidth="640" frameHeight="640"/>
	<SubTexture name="Up0001" x="503" y="1104" width="505" height="481" frameX="-67" frameY="-79" frameWidth="640" frameHeight="640"/>
	<SubTexture name="Up0002" x="0" y="541" width="507" height="563" frameX="-66" frameY="2" frameWidth="640" frameHeight="640"/>
	<SubTexture name="Up0003" x="0" y="541" width="507" height="563" frameX="-66" frameY="2" frameWidth="640" frameHeight="640"/>
	<SubTexture name="Up0004" x="507" y="541" width="507" height="563" frameX="-66" frameY="2" frameWidth="640" frameHeight="640"/>
	<SubTexture name="Up0005" x="507" y="541" width="507" height="563" frameX="-66" frameY="2" frameWidth="640" frameHeight="640"/>
	<SubTexture name="Up0006" x="1008" y="1471" width="577" height="108" frameX="-65" frameY="-453" frameWidth="640" frameHeight="640"/>
	<SubTexture name="Up0007" x="1008" y="1471" width="577" height="108" frameX="-65" frameY="-453" frameWidth="640" frameHeight="640"/>
</TextureAtlas>