﻿<?xml version="1.0" encoding="utf-8"?>
<TextureAtlas imagePath="Majin_Notes.png">
	<!-- Created with Adobe Animate version 21.0.3.38773 -->
	<!-- http://www.adobe.com/products/animate.html -->
	<SubTexture name="arrowDOWN0000" x="0" y="0" width="157" height="154"/>
	<SubTexture name="arrowLEFT0000" x="157" y="0" width="154" height="157"/>
	<SubTexture name="arrowRIGHT0000" x="311" y="0" width="154" height="157"/>
	<SubTexture name="arrowUP0000" x="465" y="0" width="157" height="154"/>
	<SubTexture name="blue0000" x="622" y="0" width="157" height="154"/>
	<SubTexture name="blue hold end0000" x="779" y="0" width="50" height="64"/>
	<SubTexture name="blue hold piece0000" x="829" y="0" width="50" height="44"/>
	<SubTexture name="down confirm0000" x="879" y="0" width="238" height="235"/>
	<SubTexture name="down confirm0001" x="1117" y="0" width="238" height="235"/>
	<SubTexture name="down confirm0002" x="1355" y="0" width="238" height="235"/>
	<SubTexture name="down confirm0003" x="1355" y="0" width="238" height="235"/>
	<SubTexture name="down press0000" x="1593" y="0" width="149" height="146"/>
	<SubTexture name="down press0001" x="1593" y="0" width="149" height="146"/>
	<SubTexture name="down press0002" x="1742" y="0" width="149" height="146"/>
	<SubTexture name="down press0003" x="1742" y="0" width="149" height="146"/>
	<SubTexture name="green0000" x="1891" y="0" width="157" height="154"/>
	<SubTexture name="green hold end0000" x="0" y="235" width="50" height="64"/>
	<SubTexture name="green hold piece0000" x="50" y="235" width="50" height="44"/>
	<SubTexture name="left confirm0000" x="100" y="235" width="228" height="231"/>
	<SubTexture name="left confirm0001" x="328" y="235" width="228" height="231"/>
	<SubTexture name="left confirm0002" x="556" y="235" width="228" height="231"/>
	<SubTexture name="left confirm0003" x="556" y="235" width="228" height="231"/>
	<SubTexture name="left press0000" x="784" y="235" width="146" height="149"/>
	<SubTexture name="left press0001" x="784" y="235" width="146" height="149"/>
	<SubTexture name="left press0002" x="930" y="235" width="146" height="149"/>
	<SubTexture name="left press0003" x="930" y="235" width="146" height="149"/>
	<SubTexture name="left press0004" x="930" y="235" width="146" height="149"/>
	<SubTexture name="left press0005" x="930" y="235" width="146" height="149"/>
	<SubTexture name="left press0006" x="930" y="235" width="146" height="149"/>
	<SubTexture name="left press0007" x="930" y="235" width="146" height="149"/>
	<SubTexture name="left press0008" x="930" y="235" width="146" height="149"/>
	<SubTexture name="left press0009" x="930" y="235" width="146" height="149"/>
	<SubTexture name="left press0010" x="930" y="235" width="146" height="149"/>
	<SubTexture name="left press0011" x="930" y="235" width="146" height="149"/>
	<SubTexture name="left press0012" x="930" y="235" width="146" height="149"/>
	<SubTexture name="left press0013" x="930" y="235" width="146" height="149"/>
	<SubTexture name="left press0014" x="930" y="235" width="146" height="149"/>
	<SubTexture name="left press0015" x="930" y="235" width="146" height="149"/>
	<SubTexture name="left press0016" x="930" y="235" width="146" height="149"/>
	<SubTexture name="left press0017" x="930" y="235" width="146" height="149"/>
	<SubTexture name="left press0018" x="930" y="235" width="146" height="149"/>
	<SubTexture name="left press0019" x="930" y="235" width="146" height="149"/>
	<SubTexture name="pruple end hold0000" x="1076" y="235" width="50" height="64"/>
	<SubTexture name="purple0000" x="1126" y="235" width="154" height="157"/>
	<SubTexture name="purple hold piece0000" x="1280" y="235" width="50" height="44"/>
	<SubTexture name="red0000" x="1330" y="235" width="154" height="157"/>
	<SubTexture name="red hold end0000" x="1484" y="235" width="50" height="64"/>
	<SubTexture name="red hold piece0000" x="1534" y="235" width="50" height="44"/>
	<SubTexture name="right confirm0000" x="1584" y="235" width="226" height="230"/>
	<SubTexture name="right confirm0001" x="1810" y="235" width="226" height="230"/>
	<SubTexture name="right confirm0002" x="0" y="466" width="226" height="230"/>
	<SubTexture name="right confirm0003" x="0" y="466" width="226" height="230"/>
	<SubTexture name="right press0000" x="226" y="466" width="148" height="151"/>
	<SubTexture name="right press0001" x="226" y="466" width="148" height="151"/>
	<SubTexture name="right press0002" x="374" y="466" width="148" height="151"/>
	<SubTexture name="right press0003" x="374" y="466" width="148" height="151"/>
	<SubTexture name="right press0004" x="374" y="466" width="148" height="151"/>
	<SubTexture name="right press0005" x="374" y="466" width="148" height="151"/>
	<SubTexture name="right press0006" x="374" y="466" width="148" height="151"/>
	<SubTexture name="right press0007" x="374" y="466" width="148" height="151"/>
	<SubTexture name="right press0008" x="374" y="466" width="148" height="151"/>
	<SubTexture name="right press0009" x="374" y="466" width="148" height="151"/>
	<SubTexture name="right press0010" x="374" y="466" width="148" height="151"/>
	<SubTexture name="right press0011" x="374" y="466" width="148" height="151"/>
	<SubTexture name="right press0012" x="374" y="466" width="148" height="151"/>
	<SubTexture name="right press0013" x="374" y="466" width="148" height="151"/>
	<SubTexture name="right press0014" x="374" y="466" width="148" height="151"/>
	<SubTexture name="right press0015" x="374" y="466" width="148" height="151"/>
	<SubTexture name="right press0016" x="374" y="466" width="148" height="151"/>
	<SubTexture name="right press0017" x="374" y="466" width="148" height="151"/>
	<SubTexture name="right press0018" x="374" y="466" width="148" height="151"/>
	<SubTexture name="right press0019" x="374" y="466" width="148" height="151"/>
	<SubTexture name="right press0020" x="374" y="466" width="148" height="151"/>
	<SubTexture name="right press0021" x="374" y="466" width="148" height="151"/>
	<SubTexture name="right press0022" x="374" y="466" width="148" height="151"/>
	<SubTexture name="right press0023" x="374" y="466" width="148" height="151"/>
	<SubTexture name="right press0024" x="374" y="466" width="148" height="151"/>
	<SubTexture name="right press0025" x="374" y="466" width="148" height="151"/>
	<SubTexture name="right press0026" x="374" y="466" width="148" height="151"/>
	<SubTexture name="up confirm0000" x="522" y="466" width="236" height="232"/>
	<SubTexture name="up confirm0001" x="758" y="466" width="236" height="232"/>
	<SubTexture name="up confirm0002" x="994" y="466" width="236" height="232"/>
	<SubTexture name="up confirm0003" x="994" y="466" width="236" height="232"/>
	<SubTexture name="up press0000" x="1230" y="466" width="153" height="150"/>
	<SubTexture name="up press0001" x="1230" y="466" width="153" height="150"/>
	<SubTexture name="up press0002" x="1383" y="466" width="153" height="150"/>
	<SubTexture name="up press0003" x="1383" y="466" width="153" height="150"/>
</TextureAtlas>
